"Animals",
"Animals","Live Animals"
"Animals","Pet Supplies"
"Arts & Entertainment",
"Arts & Entertainment","Artwork"
"Arts & Entertainment","Collectibles"
"Arts & Entertainment","Crafts & Hobbies"
"Arts & Entertainment","Gift Giving"
"Arts & Entertainment","Musical Instrument Accessories"
"Arts & Entertainment","Musical Instruments"
"Arts & Entertainment","Party Supplies"
"Arts & Entertainment","Religious Items"
"Arts & Entertainment","Visual Effects"
"Baby & Toddler",
"Baby & Toddler","Baby Safety"
"Baby & Toddler","Baby Toys"
"Baby & Toddler","Baby Transport"
"Baby & Toddler","Diapering"
"Baby & Toddler","Nursing & Feeding"
"Business & Industrial",
"Business & Industrial","Agriculture"
"Business & Industrial","Construction"
"Business & Industrial","Film & Television"
"Business & Industrial","Finance & Insurance"
"Business & Industrial","Food Service"
"Business & Industrial","Forestry & Logging"
"Business & Industrial","Heavy Machinery"
"Business & Industrial","Hotel & Hospitality"
"Business & Industrial","Law Enforcement"
"Business & Industrial","Manufacturing"
"Business & Industrial","Medical"
"Business & Industrial","Mining & Quarrying"
"Business & Industrial","Piercing & Tattooing"
"Business & Industrial","Protective Equipment"
"Business & Industrial","Retail"
"Business & Industrial","Science & Laboratory"
"Cameras & Optics",
"Cameras & Optics","Camera & Optic Accessories"
"Cameras & Optics","Cameras"
"Cameras & Optics","Optics"
"Cameras & Optics","Photography"
"Clothing & Accessories",
"Clothing & Accessories","Clothing"
"Clothing & Accessories","Clothing Accessories"
"Clothing & Accessories","Footwear"
"Clothing & Accessories","Footwear Accessories"
"Clothing & Accessories","Jewelry"
"Electronics",
"Electronics","Arcade Equipment"
"Electronics","Audio"
"Electronics","Circuit Components"
"Electronics","Communications"
"Electronics","Components"
"Electronics","Computers"
"Electronics","Electronics Accessories"
"Electronics","GPS"
"Electronics","GPS Accessories"
"Electronics","Marine Electronics"
"Electronics","Networking"
"Electronics","Print, Copy, Scan & Fax"
"Electronics","Print, Copy, Scan & Fax Accessories"
"Electronics","Video"
"Electronics","Video Game Console Accessories"
"Electronics","Video Game Consoles"
"Food, Beverages & Tobacco",
"Food, Beverages & Tobacco","Beverages"
"Food, Beverages & Tobacco","Food Items"
"Food, Beverages & Tobacco","Tobacco Products"
"Furniture",
"Furniture","Baby & Toddler Furniture"
"Furniture","Bean Bags"
"Furniture","Bedroom Furniture"
"Furniture","Benches"
"Furniture","Carts"
"Furniture","Chairs"
"Furniture","Computer Furniture"
"Furniture","Desks & Tables"
"Furniture","Futons"
"Furniture","Hutches"
"Furniture","Kitchen & Dining Room Furniture"
"Furniture","Living Room Furniture"
"Furniture","Massage Furniture"
"Furniture","Outdoor Furniture"
"Furniture","Shelving"
"Furniture","Vanities"
"Furniture","Wine Racks & Cellars"
"Hardware",
"Hardware","Adhesives, Coatings & Sealants"
"Hardware","Building Materials"
"Hardware","Chemicals"
"Hardware","Countertops"
"Hardware","Electrical Supplies"
"Hardware","Flooring"
"Hardware","Hardware Accessories"
"Hardware","Home Fencing"
"Hardware","Insulation"
"Hardware","Locks & Locksmithing"
"Hardware","Painting & Wall Covering Supplies"
"Hardware","Plumbing"
"Hardware","Roofing"
"Hardware","Storage Tanks"
"Hardware","Tool Accessories"
"Hardware","Tools"
"Health & Beauty",
"Health & Beauty","Health Care"
"Health & Beauty","Personal Care"
"Home & Garden",
"Home & Garden","Bathroom Accessories"
"Home & Garden","Bedroom Furnishings"
"Home & Garden","Decor"
"Home & Garden","Fire & Gas Safety"
"Home & Garden","Fireplaces & Wood Stoves"
"Home & Garden","Home Security"
"Home & Garden","Household Appliance Accessories"
"Home & Garden","Household Appliances"
"Home & Garden","Household Supplies"
"Home & Garden","Kitchen & Dining"
"Home & Garden","Lawn & Garden"
"Home & Garden","Lighting"
"Home & Garden","Lighting Accessories"
"Home & Garden","Linens"
"Home & Garden","Plants"
"Home & Garden","Pool & Spa"
"Home & Garden","Smoking Accessories"
"Luggage",
"Luggage","Backpacks"
"Luggage","Briefcases"
"Luggage","Carry-ons"
"Luggage","Cosmetic Bags & Cases"
"Luggage","Diaper Bags"
"Luggage","Duffel Bags"
"Luggage","Electronic Device Cases"
"Luggage","Fanny Packs"
"Luggage","Garment Bags"
"Luggage","Handbags & Purses"
"Luggage","Laptop Bags"
"Luggage","Luggage Accessories"
"Luggage","Messenger Bags"
"Luggage","Suitcases"
"Luggage","Toiletry Bags"
"Luggage","Totes"
"Luggage","Trunks"
"Luggage","Wallets & Money Clips"
"Mature",
"Mature","Erotic"
"Mature","Weapons"
"Media",
"Media","Books"
"Media","DVDs & Videos"
"Media","Magazines & Newspapers"
"Media","Music"
"Media","Sheet Music"
"Office Supplies",
"Office Supplies","Filing & Organization"
"Office Supplies","General Supplies"
"Office Supplies","Name Plates"
"Office Supplies","Office Equipment"
"Office Supplies","Office Instruments"
"Office Supplies","Paper Handling"
"Office Supplies","Presentation Supplies"
"Office Supplies","Shipping Supplies"
"Office Supplies","Signs"
"Software",
"Software","Computer Software"
"Software","Video Game Software"
"Sporting Goods",
"Sporting Goods","Air Sports"
"Sporting Goods","Combat Sports"
"Sporting Goods","Dancing"
"Sporting Goods","Exercise & Fitness"
"Sporting Goods","Gymnastics"
"Sporting Goods","Indoor Games"
"Sporting Goods","Jumping"
"Sporting Goods","Outdoor Recreation"
"Sporting Goods","Paddle Tennis"
"Sporting Goods","Pickleball"
"Sporting Goods","Racquet Sports"
"Sporting Goods","Team Sports"
"Sporting Goods","Water Sports"
"Sporting Goods","Winter Sports"
"Toys & Games",
"Toys & Games","Games"
"Toys & Games","Outdoor Play Equipment"
"Toys & Games","Puzzles"
"Toys & Games","Toys"
"Vehicles & Parts",
"Vehicles & Parts","Aircraft"
"Vehicles & Parts","Aircraft Parts"
"Vehicles & Parts","Automotive Audio & Video"
"Vehicles & Parts","Automotive Care"
"Vehicles & Parts","Automotive Exterior"
"Vehicles & Parts","Automotive Interior"
"Vehicles & Parts","Automotive Locking Systems"
"Vehicles & Parts","Automotive Monitoring"
"Vehicles & Parts","Automotive Parts"
"Vehicles & Parts","Automotive Safety Equipment"
"Vehicles & Parts","Land Vehicles"
"Vehicles & Parts","Watercraft"
"Vehicles & Parts","Watercraft Parts & Accessories"
