"/admin/config/media/file-system","527.19","1","1362415887"
"/admin/config/media/file-system","3663.01","1","1362415891"
"/admin/config","1173.8","1","1362415896"
"/admin/content","1021.05","1","1362415900"
"/sites/files/styles/thumbnail/public/aphyodendron-knapp-6272.jpg","494.41","0","1362415904"
"/sites/files/styles/thumbnail/public/aphyodendron-knapp-6562.jpg","429.41","0","1362415905"
"/sites/files/styles/thumbnail/public/aphyodendron-nee-51744.jpg","444.2","0","1362415905"
"/admin/file/image","2407.77","1","1362415906"
"/sites/files/styles/thumbnail/public/aphyodendron-knapp-6562.jpg","576.63","1","1362415906"
"/sites/files/styles/thumbnail/public/aphyodendron-nee-51744.jpg","623.44","1","1362415906"
"/sites/files/styles/thumbnail/public/aphyodendron-knapp-6272.jpg","639.15","1","1362415906"
"/sites/files/styles/thumbnail/public/aphyodendron-knapp-6272.jpg","433.47","0","1362415910"
"/sites/files/styles/thumbnail/public/aphyodendron-knapp-6562.jpg","430.17","0","1362415911"
"/sites/files/styles/thumbnail/public/aphyodendron-nee-51744.jpg","434.09","0","1362415911"
"/admin/file/image","2413.47","1","1362415912"
"/sites/files/styles/thumbnail/public/aphyodendron-knapp-6272.jpg","435.47","0","1362415914"
"/sites/files/styles/thumbnail/public/aphyodendron-knapp-6562.jpg","430.35","0","1362415914"
"/sites/files/styles/thumbnail/public/aphyodendron-nee-51744.jpg","432.74","0","1362415915"
"/admin/file/image","3684.97","0","1362415917"
"/admin/file/image","738.85","1","1362415917"
"/admin/content","493.37","1","1362415923"
"/media/browser?render=&types=&activePlugins=&enabledPlugins=&schemes[public]=public&file_directory=&file_extensions=jpg%20jpeg%20gif%20png%20txt%20doc%20xls%20pdf%20ppt%20pps%20odt%20ods%20odp&max_filesize=2097152&uri_scheme=public&multiselect=true&plugins=undefined","850.65","1","1362415937"
"/plupload-handle-uploads?plupload_token=2-lo1VUYWPEB8K_LXqNtZG0WFY-gXJuTV-0_aBq1WwQ","376.88","1","1362415953"
"/plupload-handle-uploads?plupload_token=2-lo1VUYWPEB8K_LXqNtZG0WFY-gXJuTV-0_aBq1WwQ","352.12","1","1362415953"
"/plupload-handle-uploads?plupload_token=2-lo1VUYWPEB8K_LXqNtZG0WFY-gXJuTV-0_aBq1WwQ","353.12","1","1362415954"
"/media/browser?render=&types=&activePlugins=&enabledPlugins=&schemes[public]=public&file_directory=&file_extensions=jpg%20jpeg%20gif%20png%20txt%20doc%20xls%20pdf%20ppt%20pps%20odt%20ods%20odp&max_filesize=2097152&uri_scheme=public&multiselect=true&plugins=undefined","1846.01","0","1362415957"
"/admin/content","673.49","1","1362415957"
"/sites/files/styles/thumbnail/public/aphyodendron-knapp-6272.jpg","502.26","0","1362415977"
"/sites/files/styles/thumbnail/public/aphyodendron-knapp-6562.jpg","496.13","0","1362415977"
"/sites/files/styles/thumbnail/public/aphyodendron-nee-51744.jpg","499.17","0","1362415978"
"/admin/file/image","2591.79","1","1362415978"
"/sites/files/styles/thumbnail/public/aphyodendron-knapp-6562.jpg","642.95","1","1362415979"
"/sites/files/styles/thumbnail/public/aphyodendron-nee-51744.jpg","675.25","1","1362415979"
"/sites/files/styles/thumbnail/public/aphyodendron-knapp-6272.jpg","688.36","1","1362415979"
"/sites/files/styles/thumbnail/public/aphyodendron-knapp-6272.jpg","822.97","1","1362415984"
"/admin/config","955.88","1","1362416024"
"/admin/config/media/image-styles","800.51","1","1362416031"
"/sites/files/styles/thumbnail/public/modules/image/sample.png?cache_bypass=1362416034","446.17","0","1362416035"
"/admin/config/media/image-styles/edit/thumbnail","1300.79","1","1362416035"
"/sites/files/styles/thumbnail/public/modules/image/sample.png?cache_bypass=1362416034","427.63","1","1362416036"
"/admin/structure","586.01","1","1362416055"
"/admin/structure/file-types","541.14","1","1362416059"
"/admin/config","1006.21","1","1362416065"
"/admin/config/media/browser","728.06","1","1362416084"
"/admin/config/media/file-system","427.81","1","1362416103"
